{
  "intel": {
    "화재": {
      "hourly_avg_7d": [
        0.0,
        0.0,
        0.0,
        0.0,
        0.0,
        0.0,
        0.0,
        0.0,
        0.0,
        0.14285714285714285,
        0.0,
        0.0,
        0.0,
        0.0,
        0.0,
        0.14285714285714285,
        0.0,
        0.0,
        0.0,
        0.0,
        0.0,
        0.0,
        0.0,
        0.0
      ]
    }
  },
  "samsung_electronics": {
    "화재": {
      "hourly_avg_7d": [
        0.0,
        0.0,
        0.0,
        0.0,
        0.0,
        0.0,
        0.0,
        0.14285714285714285,
        0.0,
        0.0,
        0.0,
        0.0,
        0.0,
        0.14285714285714285,
        0.0,
        0.0,
        0.0,
        0.0,
        0.0,
        0.0,
        0.0,
        0.0,
        0.0,
        0.0
      ]
    }
  }
}